Filenames,RNA_colocal,Cas_colocal,RNA_background,Cas_background
TG514-145HEK+TG106HELA Rab11.lif - Series004-1_0.tif,0.247462348642638,0.00300912707839027,438.092131383476,1588.41052823403
TG514-145HEK+TG106HELA Rab11.lif - Series006_0.tif,0.554937809559605,0.065004911033628,785.210557426311,696.859114157934
TG514-145HEK+TG106HELA Rab11.lif - Series006_1.tif,0.479459950037551,0.0132358217974085,420.429911177017,1106.5900413314
TG514-145HEK+TG106HELA Rab11.lif - Series006_2.tif,0.249533633603572,0.154104151042858,444.256552269173,1136.70518608962
TG514-145HEK+TG106HELA Rab11.lif - Series006_3.tif,0.429530710333209,0.231159190471904,337.888234978752,971.308920672383
TG514-145HEK+TG106HELA Rab7.lif - Series007_0.tif,0.485293162680297,0.109232965029658,426.973645992619,1534.23810441716
TG514-145HEK+TG106HELA Rab7.lif - Series007_1.tif,0.29507571559506,0.000408313421274576,493.866581775655,1428.28775507791
TG514-145HEK+TG106HELA Rab7.lif - Series007_2.tif,0.365993052829132,0.227284156246681,287.637385956063,1097.39895014911
