Filenames,RNA_colocal,Cas_colocal,RNA_background,Cas_background,Intensity_RNA,Intensity_dCas13,Intensity_OMM,ROI_area
TG66HEK+TG106HEK BafA.lif - Series001_0.tif,0.0844008877496407,0.156431466785008,543.672874544111,496.809511945251,86568.4524573924,2337261.19004555,7202195,345.539502
TG66HEK+TG106HEK BafA.lif - Series001_1.tif,0.438407399899827,0.60522128978937,667.446025636692,557.459155448592,972298.425155077,13399685.4084496,23757229,710.603091
TG66HEK+TG106HEK BafA.lif - Series001_2-1.tif,0.976866787842303,0.405100530276036,914.388371794349,774.138720896848,4481.42560260123,12081685.3824221,27022008,714.889683
TG66HEK+TG106HEK BafA.lif - Series004_1.tif,0.180746249120099,0.715816402467549,429.863837928634,532.652481968627,143519.456907686,1154271.8310139,10485079,751.962006
TG66HEK+TG106HEK DMSO.lif - Series002_0.tif,0.0788058594237958,0.527341508294621,721.456481965258,814.875234271335,14251.8776790874,4599835.87040864,15589268,533.848149
TG66HEK+TG106HEK DMSO.lif - Series002_1.tif,0.0351779274323316,0.614293491987273,429.288426753521,743.81421060847,190.789331161984,1362356.9143305,10135486,445.035321
TG66HEK+TG106HEK DMSO.lif - Series002_2.tif,NaN,1,513.759590944766,672.283115172951,0,294.451963443444,6003322,564.021738
TG66HEK+TG106HEK DMSO.lif - Series002_3.tif,0.678478201396053,0.457320158205005,555.947211588738,653.337622640929,3145.43422654597,7280977.33687291,13970183,372.297213
